{"cameraMode":{"drawMode":0,"name":"Shaded","section":"Shading Mode"},"sceneLighting":false,"audioPlay":false,"sceneViewState":{"showFog":false,"showMaterialUpdate":false,"showSkybox":false,"showFlares":false,"showImageEffects":false,"showParticleSystems":false},"in2DMode":false,"pivot":{"x":-32.82236099243164,"y":-148.76315307617188,"z":-7.007524490356445},"rotation":{"x":-0.6616451144218445,"y":-0.2927645146846771,"z":0.3152909576892853,"w":-0.6140984296798706},"size":192.43516540527345,"orthographic":false}